congress,chamber,icpsr,state_icpsr,district_code,state_abbrev,party_code,occupancy,last_means,bioname,bioguide_id,born,died,nominate_dim1,nominate_dim2,nominate_log_likelihood,nominate_geo_mean_probability,nominate_number_of_votes,nominate_number_of_errors,conditional,nokken_poole_dim1,nokken_poole_dim2
98,President,99907,99,0,USA,200,0,0,"REAGAN, Ronald Wilson",,1911.0,2004.0,0.692,-0.713,-91.60017,0.751,320,45,,,
98,House,10717,41,2,AL,200,0,1,"DICKINSON, William Louis",D000326,1925.0,2008.0,0.398,-0.057,-431.68569,0.554,731,187,,0.388,-0.47
98,House,10721,41,1,AL,200,0,1,"EDWARDS, William Jackson (Jack)",E000084,1928.0,2019.0,0.177,0.161,-265.03111,0.682,693,134,,0.141,0.098
98,House,11000,41,4,AL,100,0,1,"BEVILL, Tom",B000431,1921.0,2005.0,-0.213,0.976,-151.82307,0.809,717,56,,-0.232,0.973
98,House,11037,41,3,AL,100,0,1,"NICHOLS, William Flynt",N000095,1918.0,1988.0,-0.042,0.872,-207.06857,0.747,710,102,,-0.026,0.793
98,House,14419,41,5,AL,100,0,1,"FLIPPO, Ronnie Gene",F000208,1937.0,,-0.175,0.834,-167.65901,0.795,730,66,,-0.191,0.962
98,House,14659,41,7,AL,100,0,1,"SHELBY, Richard C.",S000320,1934.0,,0.013,0.658,-278.12467,0.685,734,137,,0.029,0.575
98,House,15022,41,6,AL,100,0,1,"ERDREICH, Ben",E000201,1938.0,,-0.06,0.372,-223.0014,0.751,780,98,,-0.076,0.532
98,House,14066,81,1,AK,200,0,1,"YOUNG, Donald Edwin",Y000033,1933.0,2022.0,0.283,0.022,-448.57591,0.51852,683,200,,0.216,-0.301
98,House,10566,61,2,AZ,100,0,1,"UDALL, Morris King",U000001,1922.0,1998.0,-0.387,0.008,-117.86859,0.848,715,50,,-0.372,0.09
98,House,14449,61,4,AZ,200,0,1,"RUDD, Eldon Dean",R000495,1920.0,2002.0,0.422,0.611,-201.46644,0.755,717,93,,0.405,0.676
98,House,14454,61,3,AZ,200,0,1,"STUMP, Robert Lee",S001044,1927.0,2003.0,0.703,0.203,-190.20851,0.774,744,68,,0.653,0.652
98,House,15039,61,1,AZ,200,0,1,"McCAIN, John Sidney, III",M000303,1936.0,2018.0,0.381,-0.626,-287.99226,0.67107,722,131,,0.349,0.034
98,House,15043,61,5,AZ,100,0,1,"McNULTY, James Francis, Jr.",M000589,1925.0,2009.0,-0.296,0.052,-167.72287,0.796,736,72,,-0.294,0.048
98,House,11020,42,3,AR,200,0,1,"HAMMERSCHMIDT, John Paul",H000124,1922.0,2015.0,0.253,0.239,-253.48704,0.709,736,121,,0.219,0.351
98,House,12000,42,1,AR,100,0,1,"ALEXANDER, William Vollie (Bill), Jr.",A000103,1934.0,,-0.41,0.819,-119.66854,0.818,595,50,,-0.456,0.736
98,House,14601,42,4,AR,100,0,1,"ANTHONY, Beryl Franklin, Jr.",A000213,1938.0,2025.0,-0.254,0.484,-207.86228,0.737,682,110,,-0.198,0.35
98,House,14606,42,2,AR,200,0,1,"BETHUNE, Edwin Ruthvin, Jr.",B000422,1935.0,,0.304,-0.165,-226.91024,0.709,660,96,,0.314,-0.267
98,House,10573,71,36,CA,100,0,1,"BROWN, George Edward, Jr.",B000918,1920.0,1999.0,-0.506,-0.028,-113.20667,0.856,728,47,,-0.479,-0.054
98,House,10577,71,5,CA,100,1,1,"BURTON, Phillip",B001156,1926.0,1983.0,-0.634,-0.304,-3.15598,0.916,36,1,,-0.595,0.637
98,House,10583,71,10,CA,100,0,1,"EDWARDS, William Donlon (Don)",E000064,1915.0,2015.0,-0.599,-0.419,-131.59825,0.843,771,46,,-0.539,-0.37
98,House,10595,71,29,CA,100,0,1,"HAWKINS, Augustus Freeman (Gus)",H000367,1907.0,2007.0,-0.517,-0.369,-162.44442,0.778,646,64,,-0.572,-0.563
98,House,10621,71,25,CA,100,0,1,"ROYBAL, Edward R.",R000485,1916.0,2005.0,-0.61,-0.141,-100.04616,0.873,739,31,,-0.618,-0.067
98,House,12001,71,32,CA,100,0,1,"ANDERSON, Glenn Malcolm",A000189,1913.0,1994.0,-0.269,-0.052,-369.37073,0.621,776,149,,-0.141,-0.134
98,House,13011,71,8,CA,100,0,1,"DELLUMS, Ronald V.",D000222,1935.0,2018.0,-0.644,-0.646,-141.8328,0.821,718,53,,-0.51,-0.612
98,House,14040,71,22,CA,200,0,1,"MOORHEAD, Carlos John",M000926,1922.0,2011.0,0.465,-0.119,-169.70949,0.799,758,60,,0.465,-0.017
98,House,14053,71,9,CA,100,0,1,"STARK, Fortney Hillman (Pete), Jr.",S000810,1931.0,2020.0,-0.631,-0.605,-138.91297,0.814,673,50,,-0.48,-0.476
98,House,14071,71,19,CA,200,0,1,"LAGOMARSINO, Robert John",L000020,1926.0,2021.0,0.378,-0.267,-220.55904,0.756,790,95,,0.34,-0.207
98,House,14256,71,7,CA,100,0,1,"MILLER, George",M000725,1945.0,,-0.552,-0.398,-175.7042,0.782,714,71,,-0.381,-0.411
98,House,14257,71,13,CA,100,0,1,"MINETA, Norman Y.",M000794,1931.0,2022.0,-0.479,-0.01,-91.93241,0.888,776,32,,-0.487,-0.008
98,House,14266,71,38,CA,100,0,1,"PATTERSON, Jerry Mumford",P000121,1934.0,2024.0,-0.367,0.007,-201.90106,0.755,718,86,,-0.256,-0.007
98,House,14280,71,24,CA,100,0,1,"WAXMAN, Henry Arnold",W000215,1939.0,,-0.473,-0.343,-106.96274,0.855,684,42,,-0.496,-0.381
98,House,14403,71,40,CA,200,0,1,"BADHAM, Robert Edward",B000024,1929.0,2005.0,0.541,0.084,-178.05983,0.773,690,83,,0.554,0.076
98,House,14405,71,23,CA,100,0,1,"BEILENSON, Anthony Charles",B000318,1932.0,2017.0,-0.44,-0.605,-197.40835,0.772,764,73,,-0.372,-0.486
98,House,14444,71,16,CA,100,0,1,"PANETTA, Leon Edward",P000047,1938.0,,-0.258,-0.186,-200.39193,0.771,772,87,,-0.273,-0.216
98,House,14613,71,15,CA,100,0,1,"COELHO, Tony",C000581,1942.0,,-0.413,0.344,-110.39672,0.853,695,43,,-0.479,0.393
98,House,14616,71,39,CA,200,0,1,"DANNEMEYER, William Edwin",D000044,1929.0,2019.0,0.691,-0.24,-175.40101,0.795,766,66,,0.763,-0.114
98,House,14620,71,28,CA,100,0,1,"DIXON, Julian Carey",D000373,1934.0,2000.0,-0.458,-0.076,-97.26631,0.867,679,34,,-0.623,0.051
98,House,14624,71,4,CA,100,0,1,"FAZIO, Victor Herbert, Jr.",F000053,1942.0,2022.0,-0.455,0.36,-139.34746,0.832,757,55,,-0.448,0.371
98,House,14644,71,35,CA,200,0,1,"LEWIS, Charles Jeremy (Jerry)",L000274,1934.0,2021.0,0.348,-0.101,-302.49165,0.651,705,150,,0.32,-0.055
98,House,14647,71,42,CA,200,0,1,"LUNGREN, Daniel Edward",L000517,1946.0,,0.497,-0.054,-185.66656,0.785,767,78,,0.535,-0.134
98,House,14649,71,3,CA,100,0,1,"MATSUI, Robert T.",M000249,1941.0,2005.0,-0.404,-0.03,-118.46793,0.857,768,45,,-0.483,0.25
98,House,14652,71,17,CA,200,0,1,"PASHAYAN, Charles, Jr.",P000097,1941.0,,0.282,-0.232,-221.83065,0.729,703,94,,0.334,-0.023
98,House,14660,71,14,CA,200,0,1,"SHUMWAY, Norman David",S000393,1934.0,2022.0,0.556,0.39,-162.59484,0.806,755,69,,0.626,0.134
98,House,14669,71,20,CA,200,0,1,"THOMAS, William Marshall",T000188,1941.0,,0.371,-0.277,-250.88554,0.711,736,116,,0.378,-0.204
98,House,14805,71,2,CA,200,0,1,"CHAPPIE, Eugene A.",C000322,1920.0,1992.0,0.414,-0.235,-264.07564,0.69,711,117,,0.389,-0.261
98,House,14813,71,33,CA,200,0,1,"DREIER, David Timothy",D000492,1952.0,,0.478,-0.084,-193.80739,0.78,782,83,,0.613,-0.213
98,House,14816,71,31,CA,100,0,1,"DYMALLY, Mervyn Malcolm",D000592,1926.0,2012.0,-0.685,-0.039,-123.3158,0.817,610,44,,-0.573,-0.017
98,House,14821,71,21,CA,200,0,1,"FIEDLER, Bobbi",F000102,1937.0,2019.0,0.343,-0.258,-251.96136,0.719,764,116,,0.303,-0.222
98,House,14835,71,45,CA,200,0,1,"HUNTER, Duncan Lee",H000981,1948.0,,0.47,0.02,-258.45292,0.712,760,110,,0.364,0.149
98,House,14837,71,11,CA,100,0,1,"LANTOS, Thomas Peter",L000090,1928.0,2008.0,-0.376,-0.033,-110.09048,0.863,747,50,,-0.431,0.082
98,House,14839,71,41,CA,200,0,1,"LOWERY, William David",L000479,1947.0,,0.33,-0.254,-236.69921,0.725,736,114,,0.325,-0.112
98,House,14879,71,30,CA,100,0,1,"MARTÍNEZ, Matthew G.",M000206,1929.0,2011.0,-0.341,0.106,-111.73246,0.835,618,45,,-0.492,-0.059
98,House,15004,71,44,CA,100,0,1,"BATES, Jim",B000236,1941.0,,-0.279,-0.682,-191.9732,0.775,752,78,,-0.283,-0.44
98,House,15005,71,26,CA,100,0,1,"BERMAN, Howard Lawrence",B000410,1941.0,,-0.404,-0.286,-116.00491,0.85,715,48,,-0.522,-0.264
98,House,15009,71,1,CA,100,0,1,"BOSCO, Douglas Harry",B000648,1946.0,,-0.271,-0.024,-208.95324,0.739,690,94,,-0.301,0.013
98,House,15011,71,6,CA,100,0,1,"BOXER, Barbara",B000711,1940.0,,-0.45,-0.423,-99.81709,0.873,733,37,,-0.513,-0.288
98,House,15032,71,18,CA,100,0,1,"LEHMAN, Richard Henry",L000225,1948.0,,-0.27,-0.036,-140.2638,0.825,728,53,,-0.429,0.029
98,House,15034,71,27,CA,100,0,1,"LEVINE, Meldon Edises",L000264,1943.0,,-0.436,-0.24,-128.01983,0.843,747,53,,-0.489,-0.032
98,House,15040,71,37,CA,200,0,1,"McCANDLESS, Alfred A.",M000306,1927.0,2017.0,0.474,-0.225,-238.76284,0.734,773,94,,0.443,-0.062
98,House,15051,71,43,CA,200,0,1,"PACKARD, Ronald C.",P000005,1931.0,,0.419,0.152,-194.89391,0.774,762,84,,0.412,0.008
98,House,15070,71,34,CA,100,0,1,"TORRES, Esteban Edward",T000316,1930.0,2022.0,-0.487,0.012,-103.47116,0.872,757,39,,-0.515,0.056
98,House,15078,71,12,CA,200,0,1,"ZSCHAU, Edwin Van Wyck",Z000014,1940.0,,0.345,-0.745,-363.58865,0.628,782,173,,0.318,-0.652
98,House,15080,71,5,CA,100,2,2,"BURTON, Sala Galante",B001158,1925.0,1987.0,-0.585,-0.137,-69.46823,0.882,554,26,,-0.607,-0.117
98,House,14051,62,1,CO,100,0,1,"SCHROEDER, Patricia Scott",S000142,1940.0,2023.0,-0.225,-0.974,-307.47931,0.666,757,161,,-0.183,-0.983
98,House,14282,62,2,CO,100,0,1,"WIRTH, Timothy E.",W000647,1939.0,,-0.293,-0.315,-142.54818,0.823,731,58,,-0.359,-0.314
98,House,14638,62,3,CO,100,0,1,"KOGOVSEK, Raymond Peter",K000304,1941.0,2017.0,-0.33,0.033,-148.07042,0.812,712,58,,-0.38,-0.101
98,House,14639,62,5,CO,200,0,1,"KRAMER, Kenneth Bentley",K000322,1942.0,,0.43,-0.084,-224.01447,0.738,738,91,,0.411,0.008
98,House,14803,62,4,CO,200,0,1,"BROWN, George Hanks (Hank)",B000919,1940.0,,0.511,-0.762,-387.31366,0.613,792,179,,0.5,-0.709
98,House,15058,62,6,CO,200,0,2,"SCHAEFER, Daniel",S000109,1936.0,2006.0,0.479,-0.123,-203.5623,0.758,736,84,,0.535,-0.108
98,House,15067,62,6,CO,200,5,1,"SWIGERT, John Leonard, Jr. (Jack)",,,,,,,,,,,,
98,House,13029,1,4,CT,200,0,1,"MCKINNEY, Stewart Brett",M000527,1931.0,1987.0,-0.006,-0.609,-269.31134,0.684,708,126,,-0.012,-0.677
98,House,14653,1,5,CT,100,0,1,"RATCHFORD, William Richard",R000067,1934.0,2011.0,-0.355,-0.267,-143.61683,0.832,781,61,,-0.399,-0.025
98,House,14825,1,2,CT,100,0,1,"GEJDENSON, Samuel",G000120,1948.0,,-0.416,-0.486,-269.74232,0.705,771,122,,-0.77,-0.637
98,House,14877,1,1,CT,100,0,1,"KENNELLY, Barbara Bailey",K000118,1936.0,,-0.346,-0.13,-120.65393,0.854,766,48,,-0.437,-0.032
98,House,15028,1,6,CT,200,0,1,"JOHNSON, Nancy Lee",J000163,1935.0,,0.122,-0.513,-331.75317,0.642,748,166,,0.095,-0.521
98,House,15045,1,3,CT,100,0,1,"MORRISON, Bruce Andrew",M000992,1944.0,,-0.396,-0.59,-147.54193,0.821,750,56,,-0.399,-0.408
98,House,15015,11,1,DE,100,0,1,"CARPER, Thomas Richard",C000174,1947.0,,-0.179,-0.225,-271.63685,0.70529,778,126,,-0.109,-0.26
98,House,633,43,3,FL,100,0,1,"BENNETT, Charles Edward",B000371,1910.0,2003.0,-0.088,0.421,-326.81907,0.662,792,148,,-0.07,0.343
98,House,3078,43,19,FL,100,0,1,"FASCELL, Dante Bruno",F000041,1917.0,1998.0,-0.4,0.229,-174.79205,0.789,739,73,,-0.371,0.321
98,House,7333,43,18,FL,100,0,1,"PEPPER, Claude Denson",P000218,1900.0,1989.0,-0.422,0.357,-140.62782,0.82,708,62,,-0.421,0.492
98,House,10587,43,2,FL,100,0,1,"FUQUA, Don",F000430,1933.0,,-0.173,0.715,-166.05296,0.794,721,61,,-0.215,0.73
98,House,10588,43,7,FL,100,0,1,"GIBBONS, Sam Melville",G000153,1920.0,2012.0,-0.233,0.17,-324.5185,0.627,696,143,,-0.114,-0.053
98,House,12007,43,4,FL,100,0,1,"CHAPPELL, William Venroe, Jr.",C000321,1922.0,1989.0,-0.098,0.916,-174.25084,0.781,706,69,,-0.172,0.942
98,House,13047,43,8,FL,200,0,1,"YOUNG, Charles William (Bill)",Y000031,1930.0,2013.0,0.325,-0.112,-269.46288,0.692,733,128,,0.254,-0.126
98,House,14029,43,17,FL,100,0,1,"LEHMAN, William",L000226,1913.0,2005.0,-0.483,-0.001,-121.32598,0.844,717,58,,-0.594,0.062
98,House,14636,43,1,FL,100,0,1,"HUTTO, Earl Dewitt",H001018,1926.0,2020.0,-0.007,0.732,-211.16086,0.756,756,96,,-0.028,0.787
98,House,14648,43,14,FL,100,0,1,"MICA, Daniel Andrew",M000688,1944.0,,-0.184,0.363,-225.1172,0.74,749,118,,-0.166,0.255
98,House,14651,43,11,FL,100,0,1,"NELSON, Clarence William (Bill)",N000032,1942.0,,-0.193,0.337,-368.02657,0.61928,768,180,,-0.045,0.342
98,House,14842,43,5,FL,200,0,1,"McCOLLUM, Ira William, Jr. (Bill)",M000350,1944.0,,0.377,-0.101,-214.48186,0.756,767,86,,0.398,-0.18
98,House,14860,43,15,FL,200,0,1,"SHAW, Eugene Clay, Jr.",S000303,1939.0,2013.0,0.3,-0.142,-216.01746,0.75,752,101,,0.351,-0.16
98,House,15006,43,9,FL,200,0,1,"BILIRAKIS, Michael",B000463,1930.0,,0.382,-0.219,-247.08153,0.727,774,107,,0.392,-0.169
98,House,15035,43,12,FL,200,0,1,"LEWIS, Thomas F.",L000295,1924.0,2003.0,0.387,-0.324,-273.7162,0.704,780,122,,0.27,-0.137
98,House,15037,43,13,FL,200,0,1,"MACK, Connie, III",M000019,1940.0,,0.466,-0.321,-218.81313,0.752,768,87,,0.528,-0.345
98,House,15038,43,6,FL,100,0,1,"MacKAY, Kenneth Hood, Jr. (Buddy)",M000023,1933.0,,-0.13,-0.117,-287.23438,0.674,729,139,,-0.092,-0.168
98,House,15062,43,16,FL,100,0,1,"SMITH, Lawrence Jack",S000586,1941.0,,-0.355,0.075,-114.50942,0.855,730,45,,-0.378,0.095
98,House,94428,43,10,FL,100,0,1,"IRELAND, Andrew Poysell (Andy)",I000029,1930.0,2024.0,0.015,0.377,-272.10664,0.685,718,129,,0.111,0.365
98,House,14249,44,4,GA,100,0,1,"LEVITAS, Elliott Harris",L000265,1930.0,2022.0,-0.056,0.075,-323.19741,0.656,767,163,,-0.052,0.203
98,House,14252,44,7,GA,100,0,1,"McDONALD, Lawrence Patton",M000413,1935.0,1983.0,0.884,0.343,-41.53692,0.855,266,17,,0.829,0.385
98,House,14404,44,10,GA,100,0,1,"BARNARD, Druie Douglas, Jr.",B000153,1922.0,2019.0,-0.028,0.639,-238.82648,0.71,696,119,,-0.003,0.631
98,House,14429,44,9,GA,100,0,1,"JENKINS, Edgar Lanier (Ed)",J000083,1933.0,2012.0,-0.116,0.678,-254.14924,0.695,698,120,,-0.064,0.49
98,House,14467,44,5,GA,100,0,1,"FOWLER, Wyche, Jr.",F000329,1940.0,,-0.237,0.196,-191.27592,0.764,712,83,,-0.245,0.082
98,House,14627,44,6,GA,200,0,1,"GINGRICH, Newton Leroy",G000225,1943.0,,0.377,-0.257,-208.07284,0.749,720,94,,0.343,-0.134
98,House,14831,44,2,GA,100,0,1,"HATCHER, Charles Floyd",H000340,1939.0,,-0.202,0.722,-162.69541,0.787,678,61,,-0.219,0.868
98,House,15053,44,3,GA,100,0,1,"RAY, Richard Belmont",R000080,1927.0,1999.0,0.035,0.56,-294.65566,0.684,776,128,,0.051,0.642
98,House,15057,44,8,GA,100,0,1,"ROWLAND, James Roy, Jr.",R000481,1926.0,2022.0,-0.127,0.616,-196.39411,0.777,778,80,,-0.144,0.611
98,House,15069,44,1,GA,100,0,1,"THOMAS, Robert Lindsay",T000184,1943.0,,-0.14,0.673,-214.28866,0.762,790,83,,-0.136,0.52
98,House,15081,44,7,GA,100,2,2,"DARDEN, George (Buddy)",D000051,1943.0,,-0.161,0.691,-109.98554,0.747,377,53,,-0.075,0.602
98,House,14400,82,2,HI,100,0,1,"AKAKA, Daniel Kahikina",A000069,1924.0,2018.0,-0.419,0.273,-148.63304,0.819,746,63,,-0.501,0.589
98,House,14425,82,1,HI,100,0,1,"HEFTEL, Cecil Landau",H000449,1924.0,2010.0,-0.269,0.243,-114.40541,0.733,369,54,,-0.234,0.217
98,House,10734,63,2,ID,200,0,1,"HANSEN, George Vernon",H000171,1930.0,2014.0,0.621,0.339,-69.57585,0.857,451,24,,0.601,0.314
98,House,14809,63,1,ID,200,0,1,"CRAIG, Larry Edwin",C000858,1945.0,,0.494,-0.014,-197.68954,0.763,730,77,,0.529,-0.111
98,House,6455,21,18,IL,200,0,1,"MICHEL, Robert Henry",M000692,1923.0,2017.0,0.372,-0.157,-257.22316,0.702,727,128,,0.312,-0.106
98,House,7610,21,21,IL,100,0,1,"PRICE, Charles Melvin",P000522,1905.0,1988.0,-0.429,0.346,-210.7453,0.759,765,88,,-0.392,0.809
98,House,8080,21,8,IL,100,0,1,"ROSTENKOWSKI, Daniel David",R000458,1928.0,2010.0,-0.39,0.246,-181.6444,0.762,669,84,,-0.287,0.093
98,House,10421,21,9,IL,100,0,1,"YATES, Sidney Richard",Y000013,1909.0,2000.0,-0.494,-0.494,-195.80893,0.776,772,88,,-0.493,-0.778
98,House,10703,21,11,IL,100,0,1,"ANNUNZIO, Frank",A000212,1915.0,2001.0,-0.398,0.351,-146.4151,0.826,767,65,,-0.398,0.493
98,House,10722,21,13,IL,200,0,1,"ERLENBORN, John Neal",E000204,1927.0,2005.0,0.315,-0.438,-268.10331,0.662,649,111,,0.37,-0.184
98,House,12041,21,12,IL,200,0,1,"CRANE, Philip Miller",C000873,1930.0,2014.0,0.739,0.023,-148.61364,0.817,734,50,,0.737,0.028
98,House,14033,21,15,IL,200,0,1,"MADIGAN, Edward Rell",M000041,1936.0,1994.0,0.247,-0.396,-280.24813,0.682,731,134,,0.229,-0.197
98,House,14041,21,4,IL,200,0,1,"O'BRIEN, George Miller",O000010,1917.0,1986.0,0.169,-0.132,-292.73347,0.66,705,146,,0.146,-0.126
98,House,14068,21,7,IL,100,0,1,"COLLINS, Cardiss",C000634,1931.0,2013.0,-0.552,-0.218,-91.92258,0.877,700,34,,-0.534,-0.199
98,House,14239,21,6,IL,200,0,1,"HYDE, Henry John",H001022,1924.0,2007.0,0.312,-0.18,-257.9764,0.71,752,124,,0.332,-0.175
98,House,14271,21,3,IL,100,0,1,"RUSSO, Martin Anthony",R000543,1944.0,,-0.192,-0.209,-262.46811,0.695,720,129,,-0.214,-0.313
98,House,14275,21,22,IL,100,0,1,"SIMON, Paul Martin",S000423,1928.0,2003.0,-0.397,-0.224,-72.30181,0.862,486,34,,-0.369,-0.081
98,House,14411,21,14,IL,200,0,1,"CORCORAN, Thomas Joseph",C000773,1939.0,,0.319,-0.247,-236.21018,0.725,733,101,,0.382,-0.241
98,House,14615,21,19,IL,200,0,1,"CRANE, Daniel Bever",C000871,1936.0,2019.0,0.744,0.048,-131.72044,0.836,737,47,,0.747,0.099
98,House,14677,21,10,IL,200,0,1,"PORTER, John Edward",P000444,1935.0,2022.0,0.217,-0.604,-322.19915,0.657,768,138,,0.225,-0.505
98,House,14841,21,16,IL,200,0,1,"MARTIN, Lynn Morley",M000195,1939.0,,0.345,-0.67,-327.26459,0.648,755,154,,0.319,-0.627
98,House,14856,21,2,IL,100,0,1,"SAVAGE, Gus",S000081,1925.0,2015.0,-0.671,-0.39,-105.06783,0.854,665,41,,-0.576,-0.323
98,House,14866,21,1,IL,100,0,1,"WASHINGTON, Harold",W000180,1922.0,1987.0,-0.488,-0.873,,,,,,-1.0,-0.014
98,House,15021,21,20,IL,100,0,1,"DURBIN, Richard Joseph",D000563,1944.0,,-0.34,-0.313,-428.99102,0.57202,768,175,,-0.169,-0.806
98,House,15023,21,17,IL,100,0,1,"EVANS, Lane Allen",E000250,1951.0,2014.0,-0.454,-0.181,-136.93708,0.838,777,61,,-0.426,-0.172
98,House,15036,21,5,IL,100,0,1,"LIPINSKI, William Oliver",L000342,1937.0,,-0.176,0.3,-354.09843,0.6,694,128,,-0.131,0.017
98,House,15079,21,1,IL,100,2,2,"HAYES, Charles Arthur",H000388,1918.0,1997.0,-0.656,-0.395,-87.47784,0.837,493,35,,-0.56,-0.336
98,House,10732,22,9,IN,100,0,1,"HAMILTON, Lee Herbert",H000114,1931.0,2026.0,-0.171,-0.053,-225.90101,0.75,786,104,,-0.139,-0.129
98,House,10742,22,10,IN,100,0,1,"JACOBS, Andrew, Jr.",J000033,1932.0,2013.0,-0.07,-0.846,-423.93609,0.553,716,224,,-0.035,-0.999
98,House,11036,22,7,IN,200,0,1,"MYERS, John Thomas",M001130,1927.0,2015.0,0.236,0.254,-284.17553,0.69,765,131,,0.195,0.338
98,House,13018,22,5,IN,200,0,1,"HILLIS, Elwood Haynes",H000624,1926.0,2023.0,0.173,-0.106,-252.17246,0.706,723,109,,0.235,0.03
98,House,14274,22,2,IN,100,0,1,"SHARP, Philip Riley",S000294,1942.0,,-0.166,-0.283,-295.50182,0.684,777,142,,-0.117,-0.225
98,House,14806,22,4,IN,200,0,1,"COATS, Daniel Ray",C000542,1943.0,,0.375,-0.227,-247.23633,0.729,781,101,,0.379,-0.335
98,House,14834,22,3,IN,200,0,1,"HILER, John Patrick",H000586,1953.0,,0.413,-0.35,-207.67587,0.764,770,76,,0.461,-0.43
98,House,14880,22,1,IN,100,0,1,"HALL, Katie Beatrice",H000058,1938.0,2012.0,-0.529,0.095,-94.35452,0.866,657,33,,-0.525,0.04
98,House,15014,22,6,IN,200,0,1,"BURTON, Danny Lee",B001149,1938.0,,0.585,-0.026,-201.8291,0.767,760,89,,0.565,-0.218
98,House,15041,22,8,IN,100,0,1,"McCLOSKEY, Francis Xavier",M000342,1939.0,2003.0,-0.336,0.094,-160.98454,0.808,757,64,,-0.282,0.01
98,House,8672,31,4,IA,100,0,1,"SMITH, Neal Edward",S000596,1920.0,2021.0,-0.313,0.174,-255.28776,0.71,744,100,,-0.195,-0.102
98,House,14205,31,6,IA,100,0,1,"BEDELL, Berkley Warren",B000298,1921.0,2019.0,-0.24,-0.595,-242.02226,0.725,753,97,,-0.209,-0.479
98,House,14230,31,5,IA,100,0,1,"HARKIN, Thomas Richard (Tom)",H000206,1939.0,,-0.351,-0.546,-295.36564,0.665,725,140,,-0.258,-0.966
98,House,14432,31,1,IA,200,0,1,"LEACH, James Albert Smith",L000169,1942.0,2024.0,0.141,-0.79,-321.71495,0.642,726,150,,0.091,-0.866
98,House,14668,31,2,IA,200,0,1,"TAUKE, Thomas Joseph",T000053,1950.0,,0.27,-0.775,-359.82917,0.625,765,186,,0.243,-0.755
98,House,14820,31,3,IA,200,0,1,"EVANS, Thomas Cooper",E000259,1924.0,2005.0,0.247,-0.969,-371.66411,0.615,764,204,,0.234,-0.972
98,House,11057,32,3,KS,200,0,1,"WINN, Edward Lawrence, Jr. (Larry)",W000636,1919.0,2017.0,0.247,-0.033,-205.08765,0.753,723,87,,0.336,0.066
98,House,14422,32,4,KS,100,0,1,"GLICKMAN, Daniel Robert",G000240,1944.0,,-0.133,-0.149,-293.01693,0.684,771,140,,-0.12,-0.095
98,House,14670,32,5,KS,200,0,1,"WHITTAKER, Robert Russell",W000426,1939.0,,0.346,-0.318,-247.73975,0.724,768,114,,0.338,-0.134
98,House,14852,32,1,KS,200,0,1,"ROBERTS, Charles Patrick (Pat)",R000307,1936.0,,0.413,-0.09,-351.45874,0.62859,757,151,,0.453,-0.502
98,House,15061,32,2,KS,100,0,1,"SLATTERY, James Charles",S000477,1948.0,,-0.099,-0.04,-441.54195,0.561,765,204,,-0.031,-0.139
98,House,6845,51,2,KY,100,0,1,"NATCHER, William Huston",N000009,1909.0,1994.0,-0.288,0.575,-175.42941,0.801,792,76,,-0.322,0.537
98,House,7343,51,7,KY,100,0,1,"PERKINS, Carl Dewey",P000230,1912.0,1984.0,-0.343,0.332,-145.57631,0.813,703,68,,-0.456,0.662
98,House,10626,51,4,KY,200,0,1,"SNYDER, Marion Gene",S000669,1928.0,2007.0,0.26,0.298,-288.60227,0.688,773,142,,0.221,0.204
98,House,13024,51,3,KY,100,0,1,"MAZZOLI, Romano Louis",M000291,1932.0,2022.0,-0.186,-0.016,-237.04226,0.739,783,109,,-0.161,-0.025
98,House,14237,51,1,KY,100,0,1,"HUBBARD, Carroll, Jr.",H000878,1937.0,2022.0,-0.038,0.476,-371.719,0.586,695,188,,-0.008,0.804
98,House,14635,51,6,KY,200,0,1,"HOPKINS, Larry Jones",H000776,1933.0,2021.0,0.347,-0.242,-297.234,0.682,778,142,,0.325,-0.125
98,House,14854,51,5,KY,200,0,1,"ROGERS, Harold Dallas (Hal)",R000395,1937.0,,0.334,0.155,-274.84225,0.69753,763,135,,0.231,0.213
98,House,10602,45,8,LA,100,0,1,"LONG, Gillis William",L000417,1923.0,1985.0,-0.368,0.604,-137.24454,0.834,758,54,,-0.397,0.453
98,House,13056,45,7,LA,100,0,1,"BREAUX, John Berlinger",B000780,1944.0,,-0.123,0.702,-259.35651,0.691,702,123,,-0.011,0.544
98,House,14067,45,2,LA,100,0,1,"BOGGS, Corinne Claiborne (Lindy)",B000592,1916.0,2013.0,-0.359,0.501,-142.19196,0.812,684,60,,-0.375,0.555
98,House,14259,45,6,LA,200,0,1,"MOORE, William Henson, III",M000923,1939.0,,0.24,0.144,-261.92701,0.716,784,123,,0.243,-0.025
98,House,14427,45,5,LA,100,0,1,"HUCKABY, Thomas Jerald",H000901,1941.0,,-0.009,0.507,-247.50314,0.714,734,116,,0.002,0.385
98,House,14469,45,1,LA,200,0,1,"LIVINGSTON, Robert Linlithgow, Jr.",L000371,1943.0,,0.326,0.109,-267.69057,0.7,752,135,,0.339,0.124
98,House,14679,45,3,LA,100,0,1,"TAUZIN, Wilbert Joseph (Billy)",T000058,1943.0,,0.03,0.568,-265.1382,0.705,760,125,,0.05,0.39
98,House,14853,45,4,LA,100,0,1,"ROEMER, Charles Elson (Buddy), III",R000384,1943.0,2021.0,0.178,-0.415,-634.6175,0.446,786,284,,0.21,-0.506
98,House,14661,2,2,ME,200,0,1,"SNOWE, Olympia Jean",S000663,1947.0,,0.091,-0.548,-287.29007,0.693,783,136,,0.054,-0.474
98,House,15042,2,1,ME,200,0,1,"McKERNAN, John Rettie, Jr.",M000512,1948.0,,0.137,-0.708,-315.42681,0.668,783,150,,0.092,-0.598
98,House,10601,52,2,MD,100,0,1,"LONG, Clarence Dickinson",L000413,1908.0,1994.0,-0.274,0.098,-207.22117,0.751,723,82,,-0.31,0.218
98,House,13031,52,7,MD,100,0,1,"MITCHELL, Parren James",M000826,1922.0,2007.0,-0.526,-0.851,-144.9602,0.819,726,68,,-0.77,-0.637
98,House,14021,52,4,MD,200,0,1,"HOLT, Marjorie Sewell",H000747,1920.0,2018.0,0.368,0.061,-294.87527,0.66,709,134,,0.346,0.06
98,House,14440,52,3,MD,100,0,1,"MIKULSKI, Barbara Ann",M000702,1936.0,,-0.37,-0.128,-128.95536,0.838,730,52,,-0.389,-0.029
98,House,14604,52,8,MD,100,0,1,"BARNES, Michael Darr",B000160,1943.0,,-0.343,-0.513,-146.75919,0.826,770,65,,-0.356,-0.18
98,House,14608,52,6,MD,100,0,1,"BYRON, Beverly Barton Butcher",B001220,1932.0,2025.0,-0.024,0.516,-263.56592,0.698,734,122,,-0.028,0.736
98,House,14817,52,1,MD,100,0,1,"DYSON, Royden Patrick",D000593,1948.0,,-0.104,0.471,-253.32093,0.719,769,118,,-0.151,0.711
98,House,14873,52,5,MD,100,0,1,"HOYER, Steny Hamilton",H000874,1939.0,,-0.381,0.123,-131.23677,0.84348,771,54,,-0.464,0.432
98,House,830,3,2,MA,100,0,1,"BOLAND, Edward Patrick",B000600,1911.0,2001.0,-0.306,-0.104,-131.53062,0.833,720,58,,-0.368,0.062
98,House,2009,3,1,MA,200,0,1,"CONTE, Silvio Ottavio",C000709,1921.0,1991.0,-0.023,-0.683,-271.17143,0.697,752,122,,-0.023,-0.655
98,House,7081,3,8,MA,100,0,1,"O'NEILL, Thomas Philip (Tip), Jr.",O000098,1912.0,1994.0,-0.402,0.058,,,,,,-0.707,-0.705
98,House,14039,3,9,MA,100,0,1,"MOAKLEY, John Joseph",M000834,1927.0,2001.0,-0.418,-0.054,-108.99248,0.864,746,49,,-0.483,-0.058
98,House,14055,3,10,MA,100,0,1,"STUDDS, Gerry Eastman",S001040,1937.0,2006.0,-0.444,-0.593,-114.93719,0.855,733,41,,-0.422,-0.544
98,House,14216,3,3,MA,100,0,1,"EARLY, Joseph Daniel",E000013,1933.0,2012.0,-0.254,-0.409,-204.84224,0.736,668,91,,-0.354,-0.339
98,House,14435,3,7,MA,100,0,1,"MARKEY, Edward John",M000133,1946.0,,-0.517,-0.47,-123.18825,0.83693,692,57,,-0.568,-0.58
98,House,14621,3,11,MA,100,0,1,"DONNELLY, Brian Joseph",D000416,1946.0,2023.0,-0.291,-0.046,-216.97576,0.747,743,95,,-0.342,-0.044
98,House,14650,3,6,MA,100,0,1,"MAVROULES, Nicholas James",M000264,1929.0,2003.0,-0.342,-0.023,-140.39555,0.827,740,63,,-0.437,0.062
98,House,14658,3,5,MA,100,0,1,"SHANNON, James Michael",S000286,1952.0,,-0.465,-0.387,-108.19759,0.835,602,44,,-0.514,-0.39
98,House,14824,3,4,MA,100,0,1,"FRANK, Barney",F000339,1940.0,,-0.499,-0.534,-166.65294,0.802,756,83,,-0.442,-0.518
98,House,1087,23,18,MI,200,0,1,"BROOMFIELD, William S.",B000890,1922.0,2019.0,0.227,-0.309,-294.42601,0.673,743,145,,0.322,-0.325
98,House,2605,23,16,MI,100,0,1,"DINGELL, John David, Jr.",D000355,1926.0,2019.0,-0.448,0.313,-146.99789,0.809,695,61,,-0.405,0.212
98,House,10713,23,1,MI,100,0,1,"CONYERS, John, Jr.",C000714,1929.0,2019.0,-0.658,-0.512,-119.17012,0.83319,653,45,,-0.655,-0.413
98,House,10727,23,15,MI,100,0,1,"FORD, William David",F000270,1927.0,2004.0,-0.516,0.098,-94.09275,0.865,651,32,,-0.577,0.187
98,House,10794,23,9,MI,200,0,1,"VANDER JAGT, Guy Adrian",V000027,1931.0,2007.0,0.247,-0.226,-223.26002,0.724,691,103,,0.241,-0.114
98,House,14075,23,8,MI,100,0,1,"TRAXLER, Jerome Bob",T000356,1931.0,2019.0,-0.33,0.126,-154.7111,0.803,707,73,,-0.402,0.194
98,House,14210,23,6,MI,100,0,1,"CARR, Milton Robert (Bob)",C000178,1943.0,2024.0,-0.254,-0.342,-182.81032,0.786,759,84,,-0.322,0.074
98,House,14407,23,12,MI,100,0,1,"BONIOR, David Edward",B000619,1945.0,,-0.547,-0.006,-125.23287,0.84,717,47,,-0.554,0.039
98,House,14430,23,7,MI,100,0,1,"KILDEE, Dale Edward",K000172,1929.0,2021.0,-0.385,0.011,-156.43162,0.821,792,71,,-0.463,-0.196
98,House,14446,23,2,MI,200,0,1,"PURSELL, Carl Duane",P000574,1932.0,2009.0,0.12,-0.557,-291.75062,0.658,696,141,,0.153,-0.43
98,House,14450,23,5,MI,200,0,1,"SAWYER, Harold Samuel",S000087,1920.0,2003.0,0.167,-0.213,-284.98055,0.67,712,133,,0.155,-0.142
98,House,14600,23,10,MI,100,0,1,"ALBOSTA, Donald Joseph",A000076,1925.0,2014.0,-0.258,0.294,-198.20502,0.767,748,96,,-0.28,0.223
98,House,14618,23,11,MI,200,0,1,"DAVIS, Robert William",D000131,1932.0,2009.0,0.098,-0.146,-336.93431,0.637,747,170,,0.082,-0.067
98,House,14673,23,3,MI,100,0,1,"WOLPE, Howard Eliot, III",W000682,1939.0,2011.0,-0.374,-0.466,-120.45253,0.857,781,50,,-0.388,-0.353
98,House,14681,23,13,MI,100,0,1,"CROCKETT, George William, Jr.",C000919,1909.0,1997.0,-0.651,-0.414,-154.59898,0.784,635,53,,-0.506,-0.331
98,House,14833,23,14,MI,100,0,1,"HERTEL, Dennis Mark",H000547,1948.0,,-0.345,-0.223,-236.51263,0.738,778,109,,-0.279,-0.311
98,House,14872,23,4,MI,200,0,1,"SILJANDER, Mark Deli",S000409,1951.0,,0.406,-0.102,-203.41277,0.754,722,87,,0.389,-0.124
98,House,15033,23,17,MI,100,0,1,"LEVIN, Sander Martin",L000263,1931.0,,-0.379,-0.091,-128.13432,0.84975,787,59,,-0.36,-0.165
98,House,13015,33,3,MN,200,0,1,"FRENZEL, William Eldridge",F000380,1928.0,2014.0,0.353,-0.815,-352.38535,0.625,749,178,,0.439,-0.843
98,House,14265,33,8,MN,100,0,1,"OBERSTAR, James Louis",O000006,1934.0,2014.0,-0.553,0.304,-138.00728,0.82,697,62,,-0.545,-0.082
98,House,14458,33,4,MN,100,0,1,"VENTO, Bruce Frank",V000087,1940.0,2000.0,-0.472,-0.376,-140.66848,0.834,773,55,,-0.448,-0.458
98,House,14466,33,7,MN,200,0,1,"STANGELAND, Arlan Ingehart",S000795,1930.0,2013.0,0.346,-0.18,-304.65084,0.665,747,141,,0.273,-0.033
98,House,14656,33,5,MN,100,0,1,"SABO, Martin Olav",S000005,1938.0,2016.0,-0.516,-0.317,-294.98662,0.68,765,113,,-0.747,-0.665
98,House,14868,33,2,MN,200,0,1,"WEBER, John Vincent (Vin)",W000237,1952.0,,0.381,-0.544,-298.55791,0.674,758,139,,0.408,-0.583
98,House,15052,33,1,MN,100,0,1,"PENNY, Timothy Joseph",P000215,1951.0,,-0.051,-0.502,-382.43864,0.616,789,197,,-0.138,-0.642
98,House,15059,33,6,MN,100,0,1,"SIKORSKI, Gerald Edward",S000407,1948.0,,-0.217,-0.976,-230.93925,0.743,776,101,,-0.269,-0.963
98,House,10075,46,1,MS,100,0,1,"WHITTEN, Jamie Lloyd",W000428,1910.0,1995.0,-0.161,0.987,-282.64196,0.686,750,115,,-0.286,0.619
98,House,11035,46,3,MS,100,0,1,"MONTGOMERY, Gillespie V. (Sonny)",M000865,1920.0,2006.0,0.017,1.0,-232.82778,0.736,758,101,,0.112,0.994
98,House,14031,46,5,MS,200,0,1,"LOTT, Chester Trent",L000447,1941.0,,0.39,0.194,-170.63301,0.797,751,67,,0.357,0.295
98,House,14874,46,4,MS,100,0,1,"DOWDY, Charles Wayne",D000466,1943.0,,-0.259,0.724,-165.54646,0.784,682,78,,-0.246,0.61
98,House,15025,46,2,MS,200,0,1,"FRANKLIN, William Webster",F000347,1941.0,,0.303,0.227,-186.57178,0.771,717,86,,0.302,0.218
98,House,12009,34,1,MO,100,0,1,"CLAY, William Lacy, Sr.",C000488,1931.0,2025.0,-0.49,-0.872,-115.03562,0.84,660,53,,-0.504,-0.864
98,House,14057,34,7,MO,200,0,1,"TAYLOR, Gene",T000075,1928.0,1998.0,0.328,0.442,-224.11153,0.741,749,107,,0.27,0.333
98,House,14410,34,6,MO,200,0,1,"COLEMAN, Earl Thomas",C000618,1943.0,,0.262,-0.265,-282.01383,0.688,755,130,,0.188,-0.104
98,House,14421,34,3,MO,100,0,1,"GEPHARDT, Richard Andrew",G000132,1941.0,,-0.416,0.245,-118.60072,0.853,744,47,,-0.395,0.232
98,House,14451,34,4,MO,100,0,1,"SKELTON, Isaac Newton, IV (Ike)",S000465,1931.0,2013.0,-0.172,0.724,-204.57958,0.754,725,92,,-0.199,0.951
98,House,14459,34,9,MO,100,0,1,"VOLKMER, Harold Lee",V000112,1931.0,2011.0,-0.196,0.329,-301.68054,0.68,781,130,,-0.149,0.135
98,House,14465,34,2,MO,100,0,1,"YOUNG, Robert Anton, III",Y000051,1923.0,2007.0,-0.3,0.458,-187.51881,0.776,738,78,,-0.274,0.4
98,House,14819,34,8,MO,200,0,1,"EMERSON, Norvell William (Bill)",E000174,1938.0,1996.0,0.332,-0.125,-413.00536,0.586,774,175,,0.361,-0.469
98,House,15076,34,5,MO,100,0,1,"WHEAT, Alan Dupree",W000326,1951.0,,-0.465,-0.73,-145.64999,0.831,785,57,,-0.529,-0.076
98,House,14437,64,2,MT,200,0,1,"MARLENEE, Ronald Charles",M000139,1935.0,2020.0,0.393,-0.212,-301.42214,0.647,692,132,,0.293,0.128
98,House,14672,64,1,MT,100,0,1,"WILLIAMS, John Patrick",W000520,1937.0,,-0.315,-0.138,-218.43657,0.725,678,90,,-0.282,-0.304
98,House,14276,35,3,NE,200,0,1,"SMITH, Virginia Dodd",S000622,1911.0,2006.0,0.238,0.033,-306.39804,0.676,783,133,,0.236,-0.09
98,House,14605,35,1,NE,200,0,1,"BEREUTER, Douglas Kent",B000403,1939.0,,0.231,-0.347,-325.22846,0.655,770,162,,0.212,-0.35
98,House,14810,35,2,NE,200,0,1,"DAUB, Harold John, Jr., (Hal)",D000065,1941.0,,0.391,-0.322,-253.79171,0.722,778,111,,0.375,-0.179
98,House,15054,65,1,NV,100,0,1,"REID, Harry",R000146,1939.0,2021.0,-0.276,0.258,-208.69481,0.766,781,96,,-0.303,0.214
98,House,15075,65,2,NV,200,0,1,"VUCANOVICH, Barbara Farrell",V000124,1921.0,2013.0,0.441,-0.109,-237.61363,0.73,754,95,,0.467,-0.025
98,House,14284,4,1,NH,100,0,1,"D'AMOURS, Norman Edward",D000017,1937.0,,-0.17,-0.19,-237.81807,0.707,685,121,,-0.136,-0.272
98,House,14826,4,2,NH,200,0,1,"GREGG, Judd Alan",G000445,1947.0,,0.429,-0.737,-264.02517,0.702,745,112,,0.433,-0.521
98,House,8010,12,10,NJ,100,0,1,"RODINO, Peter Wallace, Jr.",R000374,1909.0,2005.0,-0.435,-0.224,-86.31567,0.883,693,33,,-0.496,-0.147
98,House,10609,12,11,NJ,100,0,1,"MINISH, Joseph George",M000796,1916.0,2007.0,-0.299,-0.098,-170.33763,0.796,748,79,,-0.259,-0.13
98,House,10739,12,3,NJ,100,0,1,"HOWARD, James John",H000840,1927.0,1988.0,-0.431,-0.018,-93.39759,0.875,699,34,,-0.497,0.136
98,House,12042,12,8,NJ,100,0,1,"ROE, Robert A.",R000383,1924.0,2014.0,-0.326,0.123,-145.84033,0.825,760,59,,-0.416,0.368
98,House,12046,12,13,NJ,200,0,1,"FORSYTHE, Edwin Bell",F000286,1916.0,1984.0,0.326,-0.945,-196.07808,0.596,379,109,,0.347,-0.938
98,House,14046,12,7,NJ,200,0,1,"RINALDO, Matthew John",R000262,1931.0,2008.0,0.023,-0.392,-300.33731,0.674,760,150,,0.016,-0.314
98,House,14223,12,1,NJ,100,0,1,"FLORIO, James Joseph",F000215,1937.0,2022.0,-0.318,-0.101,-165.04581,0.797,726,72,,-0.329,-0.098
98,House,14238,12,2,NJ,100,0,1,"HUGHES, William John",H000930,1932.0,2019.0,-0.153,-0.204,-330.93497,0.654,779,143,,-0.11,-0.176
98,House,14614,12,12,NJ,200,0,1,"COURTER, James Andrew",C000809,1941.0,,0.269,-0.465,-287.38667,0.676,733,137,,0.256,-0.385
98,House,14631,12,14,NJ,100,0,1,"GUARINI, Frank Joseph, Jr.",G000511,1924.0,,-0.295,-0.047,-152.23832,0.814,739,51,,-0.383,-0.078
98,House,14815,12,6,NJ,100,0,1,"DWYER, Bernard James",D000586,1921.0,1998.0,-0.373,0.048,-121.31818,0.855,776,47,,-0.416,0.077
98,House,14855,12,5,NJ,200,0,1,"ROUKEMA, Margaret Scafati",R000465,1929.0,2014.0,0.162,-0.701,-340.69505,0.641,765,167,,0.12,-0.598
98,House,14863,12,4,NJ,200,0,1,"SMITH, Christopher Henry",S000522,1953.0,,0.183,-0.172,-397.74419,0.59416,764,201,,0.051,-0.322
98,House,15071,12,9,NJ,100,0,1,"TORRICELLI, Robert Guy",T000317,1951.0,,-0.262,-0.118,-186.10795,0.774,725,74,,-0.299,-0.108
98,House,12022,66,1,NM,200,0,1,"LUJÁN, Manuel, Jr.",L000506,1928.0,2019.0,0.272,-0.059,-268.60621,0.705,768,127,,0.279,0.015
98,House,14861,66,2,NM,200,0,1,"SKEEN, Joseph Richard",S000463,1927.0,2003.0,0.301,0.034,-249.85755,0.724,774,114,,0.352,0.093
98,House,15055,66,3,NM,100,0,1,"RICHARDSON, Bill",R000229,1947.0,2023.0,-0.321,0.227,-181.49585,0.789,764,79,,-0.334,0.036
98,House,9017,13,23,NY,100,0,1,"STRATTON, Samuel Studdiford",S000997,1916.0,1990.0,-0.139,0.208,-305.97778,0.663,744,132,,-0.134,0.616
98,House,10500,13,6,NY,100,0,1,"ADDABBO, Joseph Patrick",A000052,1925.0,1986.0,-0.402,-0.084,-95.14293,0.875,714,33,,-0.559,-0.019
98,House,10596,13,29,NY,200,0,1,"HORTON, Frank Jefferson",H000797,1919.0,2004.0,-0.004,-0.359,-304.59438,0.664,745,146,,0.001,-0.313
98,House,10712,13,30,NY,200,0,1,"CONABLE, Barber Benjamin, Jr.",C000666,1922.0,2003.0,0.371,-0.658,-326.0878,0.648,752,153,,0.436,-0.608
98,House,10760,13,20,NY,100,0,1,"OTTINGER, Richard Lawrence",O000134,1929.0,,-0.391,-0.771,-145.8497,0.807,680,60,,-0.536,-0.844
98,House,10768,13,8,NY,100,0,1,"SCHEUER, James Haas",S000124,1920.0,2005.0,-0.478,-0.349,-131.31503,0.84,751,54,,-0.422,-0.221
98,House,12003,13,19,NY,100,0,1,"BIAGGI, Mario",B000432,1917.0,2015.0,-0.339,0.197,-146.88591,0.807,684,58,,-0.338,0.107
98,House,12013,13,21,NY,200,0,1,"FISH, Hamilton, Jr.",F000141,1926.0,1996.0,0.07,-0.423,-276.52811,0.679,715,122,,0.08,-0.459
98,House,13020,13,31,NY,200,0,1,"KEMP, Jack French",K000086,1935.0,2009.0,0.3,-0.133,-252.74901,0.697,699,127,,0.317,-0.09
98,House,13021,13,4,NY,200,0,1,"LENT, Norman Frederick",L000243,1931.0,2012.0,0.183,-0.24,-251.73493,0.704,716,117,,0.201,-0.218
98,House,13035,13,16,NY,100,0,1,"RANGEL, Charles B.",R000053,1930.0,2025.0,-0.514,-0.341,-100.81206,0.87,721,34,,-0.552,-0.206
98,House,14015,13,22,NY,200,0,1,"GILMAN, Benjamin Arthur",G000212,1922.0,2016.0,0.043,-0.425,-327.45457,0.656,778,158,,0.034,-0.222
98,House,14214,13,2,NY,100,0,1,"DOWNEY, Thomas Joseph",D000471,1949.0,,-0.384,-0.341,-118.91579,0.853,748,40,,-0.434,-0.252
98,House,14248,13,32,NY,100,0,1,"LaFALCE, John Joseph",L000556,1939.0,2025.0,-0.357,0.112,-221.4402,0.741,738,96,,-0.268,-0.233
98,House,14253,13,28,NY,100,0,1,"McHUGH, Matthew Francis",M000473,1938.0,,-0.353,-0.227,-135.25959,0.836,756,51,,-0.354,-0.11
98,House,14264,13,33,NY,100,0,1,"NOWAK, Henry James",N000163,1935.0,2024.0,-0.332,-0.123,-148.27856,0.823,759,65,,-0.403,0.033
98,House,14277,13,13,NY,100,0,1,"SOLARZ, Stephen Joshua",S000673,1940.0,2010.0,-0.429,-0.258,-109.33436,0.851,679,51,,-0.402,-0.13
98,House,14289,13,34,NY,100,0,1,"LUNDINE, Stanley Nelson",L000516,1939.0,,-0.31,-0.273,-149.46525,0.805,691,72,,-0.298,-0.224
98,House,14463,13,17,NY,100,0,1,"WEISS, Theodore S.",W000258,1927.0,1992.0,-0.564,-0.71,-147.55916,0.828,780,55,,-0.576,-0.497
98,House,14470,13,18,NY,100,0,1,"GARCIA, Robert",G000047,1933.0,2017.0,-0.559,-0.349,-94.92493,0.871,685,31,,-0.584,-0.149
98,House,14471,13,15,NY,200,0,1,"GREEN, Sedgwick William (Bill)",G000417,1929.0,2002.0,-0.044,-0.733,-342.01972,0.643,774,150,,-0.01,-0.703
98,House,14610,13,1,NY,200,0,1,"CARNEY, William",C000165,1942.0,2017.0,0.326,-0.173,-261.28255,0.703,740,127,,0.288,-0.073
98,House,14625,13,9,NY,100,0,1,"FERRARO, Geraldine Anne",F000088,1935.0,2011.0,-0.384,-0.014,-99.64236,0.852,622,39,,-0.47,0.004
98,House,14662,13,24,NY,200,0,1,"SOLOMON, Gerald Brooks Hunt",S000675,1930.0,2001.0,0.492,-0.333,-280.07232,0.689,752,124,,0.53,-0.627
98,House,14840,13,26,NY,200,0,1,"MARTIN, David O'Brien",M000174,1944.0,2012.0,0.232,-0.232,-241.10488,0.71,703,102,,0.214,-0.116
98,House,14845,13,5,NY,200,0,1,"McGRATH, Raymond Joseph",M000458,1942.0,,0.185,-0.45,-302.7948,0.656,717,139,,0.231,-0.352
98,House,14846,13,14,NY,200,0,1,"MOLINARI, Guy Victor",M000842,1928.0,2018.0,0.255,-0.465,-303.60136,0.657,724,146,,0.214,-0.266
98,House,14858,13,10,NY,100,0,1,"SCHUMER, Charles Ellis (Chuck)",S000148,1950.0,,-0.355,-0.411,-124.13834,0.84594,742,46,,-0.486,-0.295
98,House,14870,13,27,NY,200,0,1,"WORTLEY, George Cornelius",W000752,1926.0,2014.0,0.207,-0.094,-282.60942,0.691,766,137,,0.248,-0.213
98,House,15000,13,7,NY,100,0,2,"ACKERMAN, Gary Leonard",A000022,1942.0,,-0.429,-0.165,-136.40882,0.831,737,61,,-0.583,-0.279
98,House,15007,13,25,NY,200,0,1,"BOEHLERT, Sherwood Louis",B000586,1936.0,2021.0,0.103,-0.718,-290.21501,0.682,758,140,,0.015,-0.466
98,House,15046,13,3,NY,100,0,1,"MRAZEK, Robert Jan",M001057,1945.0,,-0.349,-0.281,-194.4204,0.773,756,79,,-0.282,-0.165
98,House,15050,13,12,NY,100,0,1,"OWENS, Major Robert Odell",O000159,1936.0,2013.0,-0.569,-0.516,-101.24918,0.862,684,37,,-0.524,-0.253
98,House,15072,13,11,NY,100,0,1,"TOWNS, Edolphus",T000326,1934.0,,-0.519,-0.132,-102.80867,0.862,691,33,,-0.563,-0.142
98,House,10574,47,10,NC,200,0,1,"BROYHILL, James Thomas",B000966,1927.0,2023.0,0.269,0.021,-296.98365,0.675,756,141,,0.379,-0.217
98,House,10788,47,1,NC,100,0,1,"JONES, Walter Beaman, Sr.",J000256,1913.0,1992.0,-0.259,0.941,-190.30105,0.751,665,92,,-0.355,0.691
98,House,14001,47,4,NC,100,0,1,"ANDREWS, Ike Franklin",A000207,1925.0,2010.0,-0.178,0.481,-195.64172,0.744,661,98,,-0.183,0.275
98,House,14035,47,9,NC,200,0,1,"MARTIN, James Grubbs",M000183,1935.0,,0.347,-0.168,-211.65947,0.708,614,95,,0.334,-0.297
98,House,14048,47,7,NC,100,0,1,"ROSE, Charles Grandison, III",R000436,1939.0,2012.0,-0.319,0.573,-124.38181,0.831,674,48,,-0.385,0.632
98,House,14233,47,8,NC,100,0,1,"HEFNER, Willie Gathrel (Bill)",H000448,1930.0,2009.0,-0.264,0.609,-156.86936,0.802,709,56,,-0.253,0.644
98,House,14262,47,5,NC,100,0,1,"NEAL, Stephen Lybrook",N000016,1934.0,,-0.145,0.112,-197.22688,0.744,668,87,,-0.165,0.123
98,House,14464,47,3,NC,100,0,1,"WHITLEY, Charles Orville",W000419,1927.0,2002.0,-0.175,0.73,-174.07951,0.795,757,78,,-0.17,0.721
98,House,15012,47,6,NC,100,0,1,"BRITT, Charles Robin",B000845,1942.0,,-0.178,0.123,-207.66944,0.763,768,99,,-0.177,0.122
98,House,15017,47,11,NC,100,0,1,"CLARKE, James McClure",C000462,1917.0,1999.0,-0.204,0.104,-174.84002,0.792,750,67,,-0.273,0.218
98,House,15073,47,2,NC,100,0,1,"VALENTINE, Itimous Thaddeus (Tim), Jr.",V000006,1926.0,2015.0,-0.084,0.465,-218.54936,0.742,731,97,,-0.086,0.539
98,House,14812,36,1,ND,100,0,1,"DORGAN, Byron Leslie",D000432,1942.0,,-0.267,0.09,-409.13514,0.581,753,165,,-0.165,-0.394
98,House,5495,24,5,OH,200,0,1,"LATTA, Delbert Leroy",L000116,1920.0,2016.0,0.391,-0.084,-216.64378,0.748,745,96,,0.442,-0.164
98,House,11034,24,10,OH,200,0,1,"MILLER, Clarence E.",M000718,1917.0,2011.0,0.416,-0.304,-437.23765,0.57,777,202,,0.381,-0.72
98,House,11058,24,15,OH,200,0,1,"WYLIE, Chalmers Pangburn",W000781,1920.0,1998.0,0.23,-0.13,-250.45129,0.713,741,123,,0.241,-0.208
98,House,12030,24,21,OH,100,0,1,"STOKES, Louis",S000948,1925.0,2015.0,-0.578,-0.312,-98.38456,0.871,713,33,,-0.586,-0.206
98,House,13040,24,14,OH,100,0,1,"SEIBERLING, John Frederick",S000230,1918.0,2008.0,-0.496,-0.457,-158.26166,0.812,762,65,,-0.489,-0.337
98,House,14045,24,16,OH,200,0,1,"REGULA, Ralph Straus",R000141,1924.0,2017.0,0.221,-0.223,-291.95103,0.686,775,149,,0.164,-0.207
98,House,14070,24,1,OH,100,0,1,"LUKEN, Thomas Andrew",L000508,1925.0,2018.0,-0.163,-0.077,-242.81156,0.723,750,114,,-0.204,-0.096
98,House,14225,24,2,OH,200,0,1,"GRADISON, Willis David, Jr.",G000349,1928.0,,0.233,-0.338,-327.92272,0.65,760,165,,0.267,-0.508
98,House,14245,24,8,OH,200,0,1,"KINDNESS, Thomas Norman",K000190,1929.0,2004.0,0.419,-0.051,-275.9629,0.697,765,124,,0.385,-0.046
98,House,14402,24,18,OH,100,0,1,"APPLEGATE, Douglas Earl",A000214,1928.0,2021.0,-0.106,0.166,-352.07163,0.609,709,170,,-0.11,0.049
98,House,14443,24,20,OH,100,0,1,"OAKAR, Mary Rose",O000001,1940.0,,-0.4,0.07,-167.02936,0.805,772,75,,-0.389,0.015
98,House,14445,24,13,OH,100,0,1,"PEASE, Donald James",P000170,1931.0,2002.0,-0.308,-0.329,-189.58076,0.786,789,84,,-0.281,-0.295
98,House,14632,24,3,OH,100,0,1,"HALL, Tony Patrick",H000074,1942.0,,-0.28,0.155,-254.14115,0.696,700,109,,-0.217,-0.201
98,House,14671,24,17,OH,200,0,1,"WILLIAMS, Lyle",W000528,1942.0,2008.0,0.037,-0.139,-237.5414,0.683,624,103,,0.027,-0.128
98,House,14818,24,11,OH,100,0,1,"ECKART, Dennis Edward",E000031,1950.0,,-0.242,-0.258,-236.67552,0.736,773,106,,-0.207,-0.403
98,House,14844,24,6,OH,200,0,1,"McEWEN, Bob",M000432,1950.0,,0.359,0.089,-232.9646,0.734,752,98,,0.329,0.053
98,House,14875,24,4,OH,200,0,1,"OXLEY, Michael Garver",O000163,1944.0,2016.0,0.382,-0.093,-214.23297,0.752,751,91,,0.377,-0.126
98,House,15020,24,7,OH,200,0,1,"DeWINE, Michael",D000294,1947.0,,0.289,-0.418,-291.0167,0.687,775,128,,0.404,-0.302
98,House,15024,24,19,OH,100,0,1,"FEIGHAN, Edward Farrell",F000059,1947.0,,-0.304,-0.267,-190.74118,0.775,750,83,,-0.237,-0.341
98,House,15029,24,9,OH,100,0,1,"KAPTUR, Marcia Carolyn (Marcy)",K000009,1946.0,,-0.341,0.134,-191.01573,0.77114,735,89,,-0.262,-0.282
98,House,15030,24,12,OH,200,0,1,"KASICH, John Richard",K000016,1952.0,,0.314,0.013,-236.29892,0.741,787,103,,0.328,-0.13
98,House,14026,53,1,OK,100,0,1,"JONES, James Robert",J000232,1939.0,,-0.095,0.444,-361.7608,0.623,764,178,,-0.079,0.114
98,House,14219,53,6,OK,100,0,1,"ENGLISH, Glenn Lee, Jr.",E000184,1940.0,,-0.027,0.603,-314.34627,0.663,764,141,,-0.022,0.349
98,House,14415,53,5,OK,200,0,1,"EDWARDS, Marvin Henry (Mickey)",E000077,1937.0,,0.394,-0.05,-299.61358,0.664,733,124,,0.341,-0.13
98,House,14462,53,3,OK,100,0,1,"WATKINS, Wesley Wade",W000194,1938.0,,-0.126,0.741,-240.04305,0.726,749,114,,-0.183,0.633
98,House,14667,53,2,OK,100,0,1,"SYNAR, Michael Lynn",S001139,1950.0,1996.0,-0.321,-0.032,-211.30813,0.759,765,91,,-0.277,0.025
98,House,14843,53,4,OK,100,0,1,"McCURDY, David Keith",M000398,1950.0,,-0.112,0.299,-246.673,0.705,706,122,,-0.118,0.478
98,House,14201,72,1,OR,100,0,1,"AUCOIN, Les",A000337,1942.0,,-0.231,-0.418,-290.7438,0.667,718,125,,-0.178,-0.519
98,House,14281,72,4,OR,100,0,1,"WEAVER, James Howard",W000227,1927.0,2020.0,-0.311,-0.578,-302.06187,0.652,707,119,,-0.265,-0.643
98,House,14864,72,5,OR,200,0,1,"SMITH, Dennis Alan (Denny)",S000527,1938.0,,0.603,-0.182,-169.25731,0.788,711,67,,0.676,0.009
98,House,14871,72,3,OR,100,0,1,"WYDEN, Ronald Lee",W000779,1949.0,,-0.334,-0.486,-178.05679,0.7952,777,79,,-0.32,-0.304
98,House,15063,72,2,OR,200,0,1,"SMITH, Robert Freeman",S000607,1931.0,2020.0,0.396,-0.203,-234.86642,0.716,704,100,,0.308,0.059
98,House,10607,14,10,PA,200,0,1,"McDADE, Joseph Michael",M000399,1931.0,2017.0,0.093,-0.355,-302.71341,0.649,699,148,,0.067,-0.223
98,House,11067,14,20,PA,100,0,1,"GAYDOS, Joseph Matthew",G000105,1926.0,2015.0,-0.278,0.398,-215.85104,0.745,734,96,,-0.277,0.446
98,House,12010,14,13,PA,200,0,1,"COUGHLIN, Robert Lawrence",C000807,1929.0,2001.0,0.204,-0.844,-356.09704,0.626,760,201,,0.189,-0.982
98,House,12035,14,6,PA,100,0,1,"YATRON, Gus",Y000014,1927.0,2003.0,-0.174,0.094,-218.05413,0.749,755,109,,-0.203,0.163
98,House,14052,14,9,PA,200,0,1,"SHUSTER, E. G. (Bud)",S000394,1932.0,2023.0,0.416,0.144,-207.3909,0.76,754,87,,0.419,0.112
98,House,14072,14,12,PA,100,0,1,"MURTHA, John Patrick, Jr.",M001120,1932.0,2010.0,-0.265,0.569,-181.13479,0.786,753,79,,-0.336,0.802
98,House,14217,14,7,PA,100,0,1,"EDGAR, Robert William",E000043,1943.0,2013.0,-0.334,-0.718,-161.24843,0.803,736,58,,-0.418,-0.677
98,House,14273,14,5,PA,200,0,1,"SCHULZE, Richard Taylor",S000146,1929.0,,0.271,-0.036,-245.66455,0.702,695,112,,0.303,-0.177
98,House,14288,14,19,PA,200,0,1,"GOODLING, William Franklin",G000291,1927.0,2017.0,0.336,-0.494,-418.75021,0.564,732,198,,0.295,-0.956
98,House,14431,14,8,PA,100,0,1,"KOSTMAYER, Peter Houston",K000319,1946.0,,-0.298,-0.573,-152.04049,0.816,749,63,,-0.326,-0.439
98,House,14441,14,22,PA,100,0,1,"MURPHY, Austin John",M001088,1927.0,2024.0,-0.081,-0.357,-385.78131,0.597,748,184,,-0.149,-0.009
98,House,14460,14,18,PA,100,0,1,"WALGREN, Douglas",W000044,1940.0,,-0.247,-0.317,-214.2841,0.751,747,96,,-0.234,-0.471
98,House,14461,14,16,PA,200,0,1,"WALKER, Robert Smith",W000068,1942.0,,0.581,-0.639,-247.16378,0.728,779,121,,0.599,-0.801
98,House,14612,14,23,PA,200,0,1,"CLINGER, William Floyd, Jr.",C000523,1929.0,2021.0,0.176,-0.221,-319.00557,0.665,783,165,,0.162,-0.34
98,House,14629,14,2,PA,100,0,1,"GRAY, William Herbert, III",G000402,1941.0,2013.0,-0.511,-0.219,-91.41034,0.882,729,34,,-0.604,-0.164
98,House,14654,14,15,PA,200,0,1,"RITTER, Donald Lawrence",R000277,1940.0,,0.268,-0.154,-336.9935,0.642,761,157,,0.324,-0.42
98,House,14808,14,14,PA,100,0,1,"COYNE, William Joseph",C000846,1936.0,2013.0,-0.494,-0.119,-119.44889,0.854,757,50,,-0.569,0.219
98,House,14823,14,1,PA,100,0,1,"FOGLIETTA, Thomas Michael",F000235,1928.0,2004.0,-0.506,-0.057,-104.31532,0.857,678,39,,-0.5,-0.027
98,House,15008,14,3,PA,100,0,1,"BORSKI, Robert Anthony, Jr.",B000644,1948.0,,-0.416,0.406,-134.89759,0.84,772,55,,-0.423,0.1
98,House,15026,14,17,PA,200,0,1,"GEKAS, George William",G000121,1930.0,2021.0,0.426,-0.295,-295.28727,0.681,768,138,,0.367,-0.357
98,House,15027,14,11,PA,100,0,1,"HARRISON, Frank Girard",H000269,1940.0,2009.0,-0.433,0.306,-120.43712,0.831,649,58,,-0.42,0.27
98,House,15031,14,4,PA,100,0,1,"KOLTER, Joseph Paul",K000307,1926.0,2019.0,-0.28,0.388,-201.8837,0.751,706,82,,-0.306,0.24
98,House,15056,14,21,PA,200,0,1,"RIDGE, Thomas Joseph",R000243,1945.0,,0.186,-0.669,-306.40777,0.662,743,153,,0.114,-0.444
98,House,10561,5,1,RI,100,0,1,"ST. GERMAIN, Fernand Joseph",S000762,1928.0,2014.0,-0.355,-0.091,-143.63025,0.794,621,63,,-0.364,0.069
98,House,14857,5,2,RI,200,0,1,"SCHNEIDER, Claudine",S000136,1947.0,,-0.026,-0.733,-263.24248,0.701,742,108,,-0.032,-0.727
98,House,13042,48,2,SC,200,0,1,"SPENCE, Floyd Davidson",S000718,1928.0,2001.0,0.32,0.185,-196.80567,0.773,766,79,,0.315,0.176
98,House,14212,48,3,SC,100,0,1,"DERRICK, Butler Carson, Jr.",D000267,1936.0,2014.0,-0.215,0.258,-215.9004,0.743,726,93,,-0.185,0.106
98,House,14609,48,4,SC,200,0,1,"CAMPBELL, Carroll Ashmore, Jr.",C000079,1940.0,2005.0,0.306,0.115,-165.87612,0.794,721,63,,0.323,0.147
98,House,14830,48,1,SC,200,0,1,"HARTNETT, Thomas Forbes",H000302,1941.0,,0.503,0.142,-187.77538,0.771,721,81,,0.556,0.221
98,House,15064,48,5,SC,100,0,1,"SPRATT, John McKee, Jr.",S000749,1942.0,2024.0,-0.256,0.255,-215.08256,0.755,766,98,,-0.17,0.053
98,House,15068,48,6,SC,100,0,1,"TALLON, Robert Mooneyhan, Jr. (Robin)",T000034,1946.0,,-0.1,0.366,-250.55687,0.718,757,124,,-0.16,0.215
98,House,14617,37,1,SD,100,0,1,"DASCHLE, Thomas Andrew",D000064,1947.0,,-0.303,0.114,-224.4315,0.723,693,100,,-0.226,0.0
98,House,10616,54,1,TN,200,0,1,"QUILLEN, James Henry",Q000013,1916.0,2003.0,0.246,0.23,-273.70538,0.687,730,139,,0.21,0.441
98,House,10719,54,2,TN,200,0,1,"DUNCAN, John James",D000534,1919.0,1988.0,0.194,0.21,-244.52402,0.728,771,107,,0.157,0.212
98,House,12038,54,8,TN,100,0,1,"JONES, Ed",J000216,1912.0,1999.0,-0.245,0.827,-176.63359,0.774,691,86,,-0.292,0.755
98,House,14224,54,9,TN,100,0,1,"FORD, Harold Eugene",F000261,1945.0,,-0.438,-0.064,-99.54231,0.861,665,32,,-0.464,0.039
98,House,14251,54,3,TN,100,0,1,"LLOYD, Marilyn Laird",L000381,1929.0,2018.0,-0.058,0.452,-241.13661,0.72,733,109,,-0.039,0.828
98,House,14423,54,6,TN,100,0,1,"GORE, Albert Arnold, Jr.",G000321,1948.0,,-0.316,0.155,-190.12318,0.767,717,98,,-0.242,0.206
98,House,14607,54,5,TN,100,0,1,"BONER, William Hill",B000615,1945.0,,-0.228,0.455,-144.62521,0.813,698,65,,-0.266,0.627
98,House,15019,54,4,TN,100,0,1,"COOPER, James Hayes Shofner",C000754,1954.0,,-0.164,-0.033,-287.41978,0.67563,733,131,,-0.165,0.201
98,House,15066,54,7,TN,200,0,1,"SUNDQUIST, Donald Kenneth",S001075,1936.0,2023.0,0.371,-0.202,-272.86999,0.701,767,129,,0.282,0.163
98,House,1077,49,9,TX,100,0,1,"BROOKS, Jack Bascom",B000880,1922.0,2012.0,-0.407,0.725,-164.57551,0.797,724,79,,-0.366,0.571
98,House,10391,49,12,TX,100,0,1,"WRIGHT, James Claude, Jr.",W000763,1922.0,2015.0,-0.383,0.672,-129.82457,0.834,717,52,,-0.368,0.663
98,House,10520,49,20,TX,100,0,1,"GONZÁLEZ, Henry B.",G000272,1916.0,2000.0,-0.538,0.558,-201.78002,0.771,776,78,,-0.617,0.607
98,House,10614,49,10,TX,100,0,1,"PICKLE, James Jarrell (Jake)",P000328,1913.0,2005.0,-0.218,0.523,-213.60952,0.747,731,90,,-0.198,0.439
98,House,10716,49,15,TX,100,0,1,"de la GARZA, Eligio, II (Kika)",D000203,1927.0,2017.0,-0.255,0.757,-154.87261,0.797,682,61,,-0.31,0.706
98,House,11023,49,23,TX,100,0,1,"KAZEN, Abraham, Jr.",K000025,1919.0,1987.0,-0.219,0.747,-216.17787,0.73,688,92,,-0.166,0.871
98,House,13002,49,7,TX,200,0,1,"ARCHER, William Reynolds, Jr.",A000215,1928.0,,0.496,0.2,-189.23646,0.784,779,85,,0.524,-0.066
98,House,14062,49,2,TX,100,0,1,"WILSON, Charles",W000570,1933.0,2010.0,-0.196,0.474,-196.09206,0.709,570,80,,-0.189,0.834
98,House,14234,49,13,TX,100,0,1,"HIGHTOWER, Jack English",H000582,1926.0,2013.0,-0.115,0.711,-211.76007,0.75,737,104,,-0.058,0.749
98,House,14290,49,22,TX,200,0,1,"PAUL, Ronald Ernest",P000583,1935.0,,0.863,-0.505,-277.60395,0.632,606,101,,0.997,-0.076
98,House,14291,49,1,TX,100,0,1,"HALL, Sam Blakeley, Jr.",H000070,1924.0,1994.0,0.054,0.936,-277.93711,0.692,755,121,,0.079,0.848
98,House,14626,49,24,TX,100,0,1,"FROST, Jonas Martin",F000392,1942.0,,-0.316,0.354,-150.4745,0.802,682,67,,-0.379,0.627
98,House,14628,49,6,TX,200,0,1,"GRAMM, William Philip (Phil)",G000365,1942.0,,0.551,-0.108,-159.40934,0.758,574,61,,0.561,0.17
98,House,14633,49,19,TX,100,0,1,"HANCE, Kent Ronald",H000144,1942.0,,-0.042,0.747,-224.97574,0.662,545,111,,-0.094,0.933
98,House,14641,49,11,TX,100,0,1,"LEATH, James Marvin",L000180,1931.0,2000.0,0.049,0.999,-228.59125,0.722,701,120,,0.098,0.995
98,House,14643,49,18,TX,100,0,1,"LELAND, George Thomas (Mickey)",L000237,1944.0,1989.0,-0.596,-0.228,-91.05053,0.876,686,32,,-0.628,-0.244
98,House,14645,49,21,TX,200,0,1,"LOEFFLER, Thomas Gilbert",L000396,1946.0,,0.425,0.229,-202.04568,0.771,777,86,,0.43,0.327
98,House,14664,49,17,TX,100,0,1,"STENHOLM, Charles Walter",S000851,1938.0,2023.0,0.019,1.0,-412.58918,0.58,757,189,,0.227,0.962
98,House,14822,49,8,TX,200,0,1,"FIELDS, Jack Milton, Jr.",F000111,1952.0,,0.541,-0.128,-277.49074,0.696,766,113,,0.479,-0.185
98,House,14828,49,4,TX,100,0,1,"HALL, Ralph Moody",H000067,1923.0,2019.0,0.096,0.995,-300.43476,0.675,764,153,,0.053,0.843
98,House,14850,49,14,TX,100,0,1,"PATMAN, William Neff",P000104,1927.0,2008.0,-0.03,0.923,-346.42867,0.64,776,183,,0.012,1.0
98,House,15001,49,25,TX,100,0,1,"ANDREWS, Michael Allen",A000209,1944.0,,-0.135,0.32,-250.75196,0.723,774,127,,-0.092,0.306
98,House,15002,49,3,TX,200,0,1,"BARTLETT, Harry Stephen (Steve)",B000204,1947.0,,0.46,0.139,-238.72571,0.733,767,114,,0.506,-0.078
98,House,15013,49,5,TX,100,0,1,"BRYANT, John Wiley",B000997,1947.0,,-0.358,0.135,-148.18977,0.81,703,63,,-0.349,0.188
98,House,15018,49,16,TX,100,0,1,"COLEMAN, Ronald D'Emory",C000621,1941.0,,-0.402,0.548,-204.12054,0.765,763,83,,-0.298,0.477
98,House,15049,49,27,TX,100,0,1,"ORTIZ, Solomon P.",O000107,1937.0,,-0.272,0.712,-173.97698,0.792,747,77,,-0.314,0.714
98,House,15074,49,26,TX,100,0,1,"VANDERGRIFF, Tommy (Tom) Joe",V000026,1926.0,2010.0,0.029,0.38,-314.80003,0.659,755,151,,0.027,0.397
98,House,14438,67,2,UT,200,0,1,"MARRIOTT, David Daniel",M000143,1939.0,,0.264,0.097,-185.60005,0.748,640,86,,0.291,0.094
98,House,14829,67,1,UT,200,0,1,"HANSEN, James Vear",H000172,1932.0,2018.0,0.496,0.143,-165.12618,0.792,708,77,,0.546,0.153
98,House,15047,67,3,UT,200,0,1,"NIELSON, Howard Curtis",N000106,1924.0,2020.0,0.505,0.119,-220.84195,0.751,772,94,,0.546,0.014
98,House,14240,6,1,VT,200,0,1,"JEFFORDS, James Merrill",J000072,1934.0,2014.0,0.014,-0.687,-293.72571,0.656,696,134,,0.017,-0.741
98,House,12011,40,5,VA,100,0,1,"DANIEL, Wilbur Clarence (Dan)",D000038,1914.0,1988.0,0.161,0.775,-267.7496,0.702,757,128,,0.212,0.97
98,House,12033,40,2,VA,200,0,1,"WHITEHURST, George William",W000406,1925.0,,0.233,0.06,-221.49764,0.736,722,102,,0.251,0.087
98,House,13036,40,7,VA,200,0,1,"ROBINSON, James Kenneth",R000337,1916.0,1990.0,0.333,0.377,-228.45465,0.743,768,105,,0.357,0.285
98,House,14043,40,8,VA,200,0,1,"PARRIS, Stanford E.",P000080,1929.0,2010.0,0.287,-0.179,-277.08606,0.691,750,140,,0.245,-0.029
98,House,14802,40,3,VA,200,0,1,"BLILEY, Thomas Jerome, Jr.",B000556,1932.0,2023.0,0.382,-0.13,-207.03308,0.763,764,96,,0.345,0.181
98,House,14869,40,10,VA,200,0,1,"WOLF, Frank Rudolph",W000672,1939.0,,0.284,-0.213,-282.6996,0.695,777,134,,0.229,-0.159
98,House,15003,40,1,VA,200,0,1,"BATEMAN, Herbert Harvell",B000229,1928.0,2000.0,0.242,0.191,-264.01496,0.708,766,130,,0.277,0.124
98,House,15010,40,9,VA,100,0,1,"BOUCHER, Frederick C.",B000657,1946.0,,-0.265,0.189,-133.67371,0.834,736,53,,-0.341,0.254
98,House,15048,40,6,VA,100,0,1,"OLIN, James R.",O000069,1920.0,2006.0,-0.119,0.05,-331.44225,0.648,764,147,,-0.073,0.005
98,House,15060,40,4,VA,100,0,1,"SISISKY, Norman",S000453,1927.0,2001.0,-0.122,0.453,-222.9102,0.747,763,105,,-0.133,0.488
98,House,10726,73,5,WA,100,0,1,"FOLEY, Thomas Stephen",F000239,1929.0,2013.0,-0.354,0.192,-143.99803,0.816,710,70,,-0.433,0.398
98,House,14044,73,1,WA,200,0,1,"PRITCHARD, Joel McFee",P000546,1925.0,1997.0,0.109,-0.587,-248.43478,0.636,549,135,,0.14,-0.493
98,House,14208,73,3,WA,100,0,1,"BONKER, Don Leroy",B000620,1937.0,2023.0,-0.336,-0.059,-129.89465,0.836,724,59,,-0.334,-0.144
98,House,14413,73,6,WA,100,0,1,"DICKS, Norman DeValois",D000327,1940.0,,-0.312,0.11,-155.74458,0.81,739,76,,-0.298,0.231
98,House,14646,73,7,WA,100,0,1,"LOWRY, Michael Edward",L000486,1939.0,2017.0,-0.401,-0.563,-163.70253,0.804,750,66,,-0.497,-0.546
98,House,14666,73,2,WA,100,0,1,"SWIFT, Allan Byron",S001115,1935.0,2018.0,-0.43,0.099,-123.9799,0.849,758,48,,-0.417,-0.04
98,House,14847,73,4,WA,200,0,1,"MORRISON, Sidney Wallace",M000999,1933.0,,0.153,-0.158,-320.42053,0.66,771,161,,0.182,-0.178
98,House,15016,73,8,WA,200,0,1,"CHANDLER, Rodney Dennis",C000293,1942.0,,0.254,-0.612,-304.44032,0.668,754,138,,0.185,-0.33
98,House,14448,56,4,WV,100,0,1,"RAHALL, Nick Joe, II",R000011,1949.0,,-0.306,0.45,-259.17114,0.703,736,110,,-0.27,-0.034
98,House,15065,56,2,WV,100,0,1,"STAGGERS, Harley Orrin, Jr.",S000779,1951.0,,-0.315,0.158,-190.26289,0.784,780,81,,-0.35,0.179
98,House,15077,56,3,WV,100,0,1,"WISE, Robert Ellsworth, Jr.",W000654,1948.0,,-0.32,0.253,-204.79577,0.765,766,93,,-0.243,-0.012
98,House,15083,56,1,WV,100,0,1,"MOLLOHAN, Alan Bowlby",M000844,1943.0,,-0.292,0.657,-198.64363,0.773,772,83,,-0.312,0.649
98,House,5101,25,2,WI,100,0,1,"KASTENMEIER, Robert William",K000020,1924.0,2015.0,-0.514,-0.452,-165.05577,0.804,756,65,,-0.473,-0.446
98,House,10463,25,4,WI,100,0,1,"ZABLOCKI, Clement John",Z000001,1912.0,1983.0,-0.355,0.293,-79.06751,0.828,420,38,,-0.422,0.454
98,House,12036,25,7,WI,100,0,1,"OBEY, David Ross",O000007,1938.0,,-0.45,-0.063,-185.30323,0.787,775,81,,-0.454,-0.203
98,House,13003,25,1,WI,100,0,1,"ASPIN, Leslie",A000224,1938.0,1995.0,-0.32,-0.125,-165.96924,0.792,713,74,,-0.307,0.145
98,House,14655,25,8,WI,200,0,1,"ROTH, Toby A.",R000459,1938.0,,0.351,-0.21,-278.74215,0.688,744,136,,0.275,-0.145
98,House,14657,25,9,WI,200,0,1,"SENSENBRENNER, Frank James, Jr.",S000244,1943.0,,0.638,-0.579,-283.49546,0.65333,666,115,,0.466,-0.542
98,House,14675,25,6,WI,200,0,1,"PETRI, Thomas Evert",P000265,1940.0,,0.379,-0.367,-396.17373,0.604,787,177,,0.288,-0.531
98,House,14827,25,3,WI,200,0,1,"GUNDERSON, Steven Craig",G000524,1951.0,,0.203,-0.293,-342.03534,0.649,790,182,,0.227,-0.427
98,House,15044,25,5,WI,100,0,1,"MOODY, Jim",M000881,1935.0,2019.0,-0.347,-0.566,-189.69003,0.774,741,76,,-0.331,-0.476
98,House,15082,25,4,WI,100,2,2,"KLECZKA, Gerald Daniel",K000259,1943.0,2017.0,-0.322,-0.093,-73.96091,0.774,289,38,,-0.275,-0.119
98,House,14611,68,1,WY,200,0,1,"CHENEY, Richard Bruce",C000344,1941.0,2025.0,0.523,-0.068,-170.58021,0.778,681,82,,0.561,0.063
